{
  "_format": "hh-sol-cache-2",
  "files": {
    "/home/ahmat/Documents/projects/blockchain-nextjs-app/smart-contracts/contracts/Lock.sol": {
      "lastModificationDate": 1727299646452,
      "contentHash": "101c00cb43bd6d4be9704e08c973d5ad",
      "sourceName": "contracts/Lock.sol",
      "solcConfig": {
        "version": "0.8.27",
        "settings": {
          "evmVersion": "paris",
          "optimizer": {
            "enabled": false,
            "runs": 200
          },
          "outputSelection": {
            "*": {
              "*": [
                "abi",
                "evm.bytecode",
                "evm.deployedBytecode",
                "evm.methodIdentifiers",
                "metadata"
              ],
              "": [
                "ast"
              ]
            }
          }
        }
      },
      "imports": [],
      "versionPragmas": [
        "^0.8.27"
      ],
      "artifacts": [
        "Lock"
      ]
    }
  }
}
